TABLE_NAME	COLUMN_NAME	TYPE_NAME	LENGTH	ORDINAL_POSITION
EF_SchC_Processed	Filename	varchar	16	1
EF_SchC_Processed	FormType	char	8	2
EF_SchC_Processed	FilerID	char	9	3
EF_SchC_Processed	TransID	varchar	20	4
EF_SchC_Processed	RecipLineNum	char	8	5
EF_SchC_Processed	EntType	char	3	6
EF_SchC_Processed	Lender	varchar	200	7
EF_SchC_Processed	LenderLN	varchar	30	8
EF_SchC_Processed	LenderFN	varchar	20	9
EF_SchC_Processed	LenderMN	varchar	20	10
EF_SchC_Processed	LenderPrefix	varchar	10	11
EF_SchC_Processed	LenderSuffix	varchar	10	12
EF_SchC_Processed	Street1	varchar	34	13
EF_SchC_Processed	Street2	varchar	34	14
EF_SchC_Processed	City	varchar	30	15
EF_SchC_Processed	State	char	2	16
EF_SchC_Processed	Zip	char	9	17
EF_SchC_Processed	PG	char	5	18
EF_SchC_Processed	ElectDesc	varchar	20	19
EF_SchC_Processed	OrigAmount	decimal	14	20
EF_SchC_Processed	PayTD	decimal	14	21
EF_SchC_Processed	Balance	decimal	14	22
EF_SchC_Processed	OrigDate	smalldatetime	16	23
EF_SchC_Processed	DueDateTerms	varchar	15	24
EF_SchC_Processed	PctRate	varchar	15	25
EF_SchC_Processed	Secured	char	1	26
EF_SchC_Processed	Personal	char	1	27
EF_SchC_Processed	CmteID	char	9	28
EF_SchC_Processed	CandID	char	9	29
EF_SchC_Processed	CandLN	varchar	30	30
EF_SchC_Processed	CandFN	varchar	20	31
EF_SchC_Processed	CandMN	varchar	20	32
EF_SchC_Processed	CandPrefix	varchar	10	33
EF_SchC_Processed	CandSuffix	varchar	10	34
EF_SchC_Processed	Office	char	1	35
EF_SchC_Processed	CandState	char	2	36
EF_SchC_Processed	DistID	char	2	37
EF_SchC_Processed	MemoCode	char	1	38
EF_SchC_Processed	MemoDesc	varchar	100	39
EF_SchC1_Processed	Filename	varchar	16	1
EF_SchC1_Processed	FormType	char	8	2
EF_SchC1_Processed	FilerID	char	9	3
EF_SchC1_Processed	TransID	varchar	20	4
EF_SchC1_Processed	BackRefID	varchar	20	5
EF_SchC1_Processed	Loaner	varchar	200	6
EF_SchC1_Processed	Street1	varchar	34	7
EF_SchC1_Processed	Street2	varchar	34	8
EF_SchC1_Processed	City	varchar	30	9
EF_SchC1_Processed	State	char	2	10
EF_SchC1_Processed	Zip	char	9	11
EF_SchC1_Processed	Amount	decimal	14	12
EF_SchC1_Processed	IntRate	varchar	15	13
EF_SchC1_Processed	DateIncur	smalldatetime	16	14
EF_SchC1_Processed	DateDue	smalldatetime	16	15
EF_SchC1_Processed	Restruct	char	1	16
EF_SchC1_Processed	DateOrig	smalldatetime	16	17
EF_SchC1_Processed	AmtDraw	decimal	14	18
EF_SchC1_Processed	Balance	decimal	14	19
EF_SchC1_Processed	Others	char	1	20
EF_SchC1_Processed	Collateral	char	1	21
EF_SchC1_Processed	Descrip	varchar	100	22
EF_SchC1_Processed	AmtCollat	decimal	14	23
EF_SchC1_Processed	IntPerf	char	1	24
EF_SchC1_Processed	FutureInc	char	1	25
EF_SchC1_Processed	DescripDetail	varchar	100	26
EF_SchC1_Processed	EstValue	decimal	14	27
EF_SchC1_Processed	DateDep	smalldatetime	16	28
EF_SchC1_Processed	AcctLoc	varchar	200	29
EF_SchC1_Processed	Street1Loc	varchar	34	30
EF_SchC1_Processed	Street2Loc	varchar	34	31
EF_SchC1_Processed	CityLoc	varchar	30	32
EF_SchC1_Processed	StateLoc	char	2	33
EF_SchC1_Processed	ZipLoc	char	9	34
EF_SchC1_Processed	DatePres	char	8	35
EF_SchC1_Processed	DescripBasis	varchar	100	36
EF_SchC1_Processed	TreasLN	varchar	30	37
EF_SchC1_Processed	TreasFN	varchar	20	38
EF_SchC1_Processed	TreasMN	varchar	20	39
EF_SchC1_Processed	TreasPrefix	varchar	50	40
EF_SchC1_Processed	TreasSuffix	varchar	10	41
EF_SchC1_Processed	DateSig	smalldatetime	16	42
EF_SchC1_Processed	AuthLN	varchar	30	43
EF_SchC1_Processed	AuthFN	varchar	20	44
EF_SchC1_Processed	AuthMN	varchar	20	45
EF_SchC1_Processed	AuthPrefix	varchar	10	46
EF_SchC1_Processed	AuthSuffix	varchar	10	47
EF_SchC1_Processed	AuthTitle	varchar	20	48
EF_SchC1_Processed	DateSig2	smalldatetime	16	49
EF_SchC2_Processed	Filename	varchar	16	1
EF_SchC2_Processed	FormType	char	8	2
EF_SchC2_Processed	FilerID	char	9	3
EF_SchC2_Processed	TransID	varchar	20	4
EF_SchC2_Processed	BackRefID	varchar	20	5
EF_SchC2_Processed	GuarLN	varchar	30	6
EF_SchC2_Processed	GuarFN	varchar	20	7
EF_SchC2_Processed	GuarMN	varchar	20	8
EF_SchC2_Processed	GuarPrefix	varchar	10	9
EF_SchC2_Processed	GuarSuffix	varchar	10	10
EF_SchC2_Processed	Street1	varchar	34	11
EF_SchC2_Processed	Street2	varchar	34	12
EF_SchC2_Processed	City	varchar	30	13
EF_SchC2_Processed	State	char	2	14
EF_SchC2_Processed	Zip	char	9	15
EF_SchC2_Processed	IndEmp	varchar	38	16
EF_SchC2_Processed	IndOcc	varchar	38	17
EF_SchC2_Processed	Amount	decimal	14	18
EF_SchH1_Processed	FileName	varchar	16	1
EF_SchH1_Processed	FormType	char	8	2
EF_SchH1_Processed	FilerID	char	9	3
EF_SchH1_Processed	TransID	varchar	20	4
EF_SchH1_Processed	SL_PresOnly	char	1	5
EF_SchH1_Processed	SL_PresSen	char	1	6
EF_SchH1_Processed	SL_SenOnly	char	1	7
EF_SchH1_Processed	SL_SenOnlySL_NonPresNonSen	char	1	8
EF_SchH1_Processed	FlatMin	char	1	9
EF_SchH1_Processed	FedPct	decimal	14	10
EF_SchH1_Processed	NonFedPCt	decimal	14	11
EF_SchH1_Processed	AdminRatio	char	1	12
EF_SchH1_Processed	GenVoteDrive	char	1	13
EF_SchH1_Processed	PublicComm	char	1	14
EF_SchD_Processed	Filename	varchar	16	1
EF_SchD_Processed	FormType	char	8	2
EF_SchD_Processed	FilerID	char	9	3
EF_SchD_Processed	TransID	varchar	20	4
EF_SchD_Processed	EntType	char	3	5
EF_SchD_Processed	CreditorOrg	varchar	200	6
EF_SchD_Processed	CreditorLN	varchar	30	7
EF_SchD_Processed	CreditorFN	varchar	20	8
EF_SchD_Processed	CreditorMN	varchar	20	9
EF_SchD_Processed	CreditorPrefix	varchar	10	10
EF_SchD_Processed	CreditorSuffix	varchar	10	11
EF_SchD_Processed	Street1	varchar	34	12
EF_SchD_Processed	Street2	varchar	34	13
EF_SchD_Processed	City	varchar	30	14
EF_SchD_Processed	State	char	2	15
EF_SchD_Processed	Zip	char	9	16
EF_SchD_Processed	Purpose	varchar	100	17
EF_SchD_Processed	BegBalance	decimal	14	18
EF_SchD_Processed	IncurAmt	decimal	14	19
EF_SchD_Processed	PaymentAmt	decimal	14	20
EF_SchD_Processed	CloseBal	decimal	14	21
EF_SchH2_Processed	Filename	varchar	16	1
EF_SchH2_Processed	FormType	char	8	2
EF_SchH2_Processed	FilerID	char	9	3
EF_SchH2_Processed	TransID	varchar	20	4
EF_SchH2_Processed	EventName	varchar	90	5
EF_SchH2_Processed	FundR	char	1	6
EF_SchH2_Processed	Direct	char	1	7
EF_SchH2_Processed	RatioCode	char	1	8
EF_SchH2_Processed	FedPct	decimal	14	9
EF_SchH2_Processed	NonFedPct	decimal	14	10
EF_SchF_Processed	Filename	varchar	16	1
EF_SchF_Processed	FormType	char	8	2
EF_SchF_Processed	FilerID	char	9	3
EF_SchF_Processed	TransID	varchar	20	4
EF_SchF_Processed	BackRefID	varchar	20	5
EF_SchF_Processed	BackRefSch	char	8	6
EF_SchF_Processed	Desig	char	1	7
EF_SchF_Processed	CmteID	char	9	8
EF_SchF_Processed	CmteName	varchar	200	9
EF_SchF_Processed	CmteIDSub	char	9	10
EF_SchF_Processed	CmteNameSub	varchar	200	11
EF_SchF_Processed	Street1	varchar	34	12
EF_SchF_Processed	Street2	varchar	34	13
EF_SchF_Processed	City	varchar	30	14
EF_SchF_Processed	State	char	2	15
EF_SchF_Processed	Zip	char	9	16
EF_SchF_Processed	EntType	char	3	17
EF_SchF_Processed	PayeeOrg	varchar	200	18
EF_SchF_Processed	PayeeLn	varchar	30	19
EF_SchF_Processed	PayeeFN	varchar	20	20
EF_SchF_Processed	PayeeMN	varchar	20	21
EF_SchF_Processed	PayeePrefix	varchar	10	22
EF_SchF_Processed	PayeeSuffix	varchar	10	23
EF_SchF_Processed	Street1Pay	varchar	34	24
EF_SchF_Processed	Street2Pay	varchar	34	25
EF_SchF_Processed	CityPay	varchar	30	26
EF_SchF_Processed	StatePay	char	2	27
EF_SchF_Processed	ZipPay	char	9	28
EF_SchF_Processed	DateExp	smalldatetime	16	29
EF_SchF_Processed	Amount	decimal	14	30
EF_SchF_Processed	AggGen	decimal	14	31
EF_SchF_Processed	Descrip	varchar	100	32
EF_SchF_Processed	Catcode	char	3	33
EF_SchF_Processed	PayeeCmteID	char	9	34
EF_SchF_Processed	PayeeCandID	char	9	35
EF_SchF_Processed	CandLN	char	30	36
EF_SchF_Processed	CandFN	char	20	37
EF_SchF_Processed	CandMN	varchar	20	38
EF_SchF_Processed	CandPrefix	varchar	10	39
EF_SchF_Processed	CandSuffix	varchar	10	40
EF_SchF_Processed	Office	char	1	41
EF_SchF_Processed	CandState	char	2	42
EF_SchF_Processed	District	char	2	43
EF_SchF_Processed	MemoCode	char	1	44
EF_SchF_Processed	MemoText	char	100	45
EF_SchH3_Processed	Filename	varchar	16	1
EF_SchH3_Processed	FormType	char	8	2
EF_SchH3_Processed	FilerID	char	9	3
EF_SchH3_Processed	TransID	varchar	20	4
EF_SchH3_Processed	BackRefID	varchar	20	5
EF_SchH3_Processed	AcctName	varchar	90	6
EF_SchH3_Processed	EventType	char	2	7
EF_SchH3_Processed	EventName	varchar	90	8
EF_SchH3_Processed	Date	smalldatetime	16	9
EF_SchH3_Processed	TotAmtTrans	decimal	14	10
EF_SchH3_Processed	TransAmt	decimal	14	11
EF_SchH4_Processed	FileName	varchar	16	1
EF_SchH4_Processed	FormType	char	8	2
EF_SchH4_Processed	FilerID	char	9	3
EF_SchH4_Processed	TransID	varchar	20	4
EF_SchH4_Processed	BackRefID	varchar	20	5
EF_SchH4_Processed	BackRefSch	char	8	6
EF_SchH4_Processed	EntType	char	3	7
EF_SchH4_Processed	RecipName	varchar	200	8
EF_SchH4_Processed	RecipLN	varchar	30	9
EF_SchH4_Processed	RecipFN	varchar	20	10
EF_SchH4_Processed	RecipMN	varchar	20	11
EF_SchH4_Processed	RecipPrefix	varchar	10	12
EF_SchH4_Processed	RecipSuffix	varchar	10	13
EF_SchH4_Processed	Street1	varchar	34	14
EF_SchH4_Processed	Street2	varchar	34	15
EF_SchH4_Processed	City	varchar	30	16
EF_SchH4_Processed	State	char	2	17
EF_SchH4_Processed	Zip	char	9	18
EF_SchH4_Processed	EventID	varchar	200	19
EF_SchH4_Processed	Date	smalldatetime	16	20
EF_SchH4_Processed	Amount	decimal	14	21
EF_SchH4_Processed	FedAmount	decimal	14	22
EF_SchH4_Processed	NonFedAmount	decimal	14	23
EF_SchH4_Processed	EventYTD	decimal	14	24
EF_SchH4_Processed	Descrip	varchar	100	25
EF_SchH4_Processed	Catcode	char	3	26
EF_SchH4_Processed	Admin	char	1	27
EF_SchH4_Processed	FundR	char	1	28
EF_SchH4_Processed	Exempt	char	1	29
EF_SchH4_Processed	Generic	char	1	30
EF_SchH4_Processed	Direct	char	1	31
EF_SchH4_Processed	PubComm	char	1	32
EF_SchH4_Processed	MemoCode	char	1	33
EF_SchH4_Processed	MemoText	varchar	100	34
EF_SchF4_Processed	Filename	varchar	16	1
EF_SchF4_Processed	FormType	char	8	2
EF_SchF4_Processed	FilerID	char	9	3
EF_SchF4_Processed	CmteName	varchar	200	4
EF_SchF4_Processed	Street1	varchar	34	5
EF_SchF4_Processed	Street2	varchar	34	6
EF_SchF4_Processed	City	varchar	30	7
EF_SchF4_Processed	State	varchar	2	8
EF_SchF4_Processed	Zip	char	9	9
EF_SchF4_Processed	CmteType	char	1	10
EF_SchF4_Processed	CmteTypeOth	varchar	40	11
EF_SchF4_Processed	RptCode	char	3	12
EF_SchF4_Processed	DateFrom	smalldatetime	16	13
EF_SchF4_Processed	DateTo	smalldatetime	16	14
EF_SchF4_Processed	TreasLN	varchar	30	15
EF_SchF4_Processed	TreasFN	varchar	30	16
EF_SchF4_Processed	TreasMN	varchar	20	17
EF_SchF4_Processed	TreasPrefix	varchar	10	18
EF_SchF4_Processed	TreasSuffix	varchar	10	19
EF_SchF4_Processed	DateSign	smalldatetime	16	20
EF_SchF4_Processed	COHBeg	decimal	14	21
EF_SchF4_Processed	COHTotRcpt	decimal	14	22
EF_SchF4_Processed	COHSubtot	decimal	14	23
EF_SchF4_Processed	TotDisburse2	decimal	14	24
EF_SchF4_Processed	COHClose	decimal	14	25
EF_SchF4_Processed	DebtsTo	decimal	14	26
EF_SchF4_Processed	DebtsBy	decimal	14	27
EF_SchF4_Processed	ConventionExpend	decimal	14	28
EF_SchF4_Processed	RefRebRet	decimal	14	29
EF_SchF4_Processed	RefRebRetSubjToLimits	decimal	14	30
EF_SchF4_Processed	RefRebRetPriorSubjToLimits	decimal	14	31
EF_SchF4_Processed	FedFundsSchA	decimal	14	32
EF_SchF4_Processed	ContribItemized	decimal	14	33
EF_SchF4_Processed	ContribUnitemized	decimal	14	34
EF_SchF4_Processed	ContribSubtot	decimal	14	35
EF_SchF4_Processed	TransFromCmtes	decimal	14	36
EF_SchF4_Processed	LoansRec	decimal	14	37
EF_SchF4_Processed	LoanRepayRec	decimal	14	38
EF_SchF4_Processed	LoansRecSubtot	decimal	14	39
EF_SchF4_Processed	RefRebReturnsItemized	decimal	14	40
EF_SchF4_Processed	RefRebReturnsUnitemized	decimal	14	41
EF_SchF4_Processed	RefRebReturnsSubtot	decimal	14	42
EF_SchF4_Processed	OthRefRebReturnsItemized	decimal	14	43
EF_SchF4_Processed	OthRefRebReturnsUnitemized	decimal	14	44
EF_SchF4_Processed	OthRefRebReturnsSubtot	decimal	14	45
EF_SchF4_Processed	OthIncItemized	decimal	14	46
EF_SchF4_Processed	OthIncUnitemized	decimal	14	47
EF_SchF4_Processed	OthIncSubtot	decimal	14	48
EF_SchF4_Processed	TotRcpts	decimal	14	49
EF_SchF4_Processed	ConventionExpendItemized	decimal	14	50
EF_SchF4_Processed	ConventionExpendUnitemized	decimal	14	51
EF_SchF4_Processed	ConventionExpendSubtot	decimal	14	52
EF_SchF4_Processed	TransToCmtes	decimal	14	53
EF_SchF4_Processed	LoansMade	decimal	14	54
EF_SchF4_Processed	LoansRepayMade	decimal	14	55
EF_SchF4_Processed	LoansMadeSubtot	decimal	14	56
EF_SchF4_Processed	OthDisburseItemized	decimal	14	57
EF_SchF4_Processed	OthDisburseUnitemized	decimal	14	58
EF_SchF4_Processed	OthDisburseSubtot	decimal	14	59
EF_SchF4_Processed	TotDisburse	decimal	14	60
EF_SchF4_Processed	COHColB	decimal	14	61
EF_SchF4_Processed	COHYearColB	char	4	62
EF_SchF4_Processed	COHTotRcptColB	decimal	14	63
EF_SchF4_Processed	COHSubtotColB	decimal	14	64
EF_SchF4_Processed	TotDisburse2ColB	decimal	14	65
EF_SchF4_Processed	CohCloseColB	decimal	14	66
EF_SchF4_Processed	ConventionExpendColB	decimal	14	67
EF_SchF4_Processed	RefRebRetColB	decimal	14	68
EF_SchF4_Processed	RefRebRetSubjToLimitsColB	decimal	14	69
EF_SchF4_Processed	RefRebRetPriorSubjToLimitsColB	decimal	14	70
EF_SchF4_Processed	RefRebRetTotColB	decimal	14	71
EF_SchF4_Processed	FedFundsSchAColB	decimal	14	72
EF_SchF4_Processed	ContribSubtotColB	decimal	14	73
EF_SchF4_Processed	TransFromCmtesColB	decimal	14	74
EF_SchF4_Processed	LoansRecSubtotColB	decimal	14	75
EF_SchF4_Processed	RefRebReturnsSubtotColB	decimal	14	76
EF_SchF4_Processed	OthRefRebReturnsSubtotColB	decimal	14	77
EF_SchF4_Processed	OthIncSubtotColB	decimal	14	78
EF_SchF4_Processed	TotRcptsColB	decimal	14	79
EF_SchF4_Processed	ConventionExpendSubtotColB	decimal	14	80
EF_SchF4_Processed	TransToCmtesColB	decimal	14	81
EF_SchF4_Processed	LoansMadeSubtotColB	decimal	14	82
EF_SchF4_Processed	OthDisburseSubtotColB	decimal	14	83
EF_SchF4_Processed	TotDisburseColB	decimal	14	84
EF_SchI_Processed	Filename	varchar	16	1
EF_SchI_Processed	FormType	char	8	2
EF_SchI_Processed	FilerID	char	9	3
EF_SchI_Processed	TransID	varchar	20	4
EF_SchI_Processed	RecID	char	9	5
EF_SchI_Processed	AcctName	varchar	90	6
EF_SchI_Processed	BankAcctNum	varchar	16	7
EF_SchI_Processed	DateFrom	smalldatetime	16	8
EF_SchI_Processed	DateTo	smalldatetime	16	9
EF_SchI_Processed	TotRcpts	decimal	14	10
EF_SchI_Processed	TransFed	decimal	14	11
EF_SchI_Processed	TransStateLoc	decimal	14	12
EF_SchI_Processed	DirectStateLoc	decimal	14	13
EF_SchI_Processed	OtherDisp	decimal	14	14
EF_SchI_Processed	TotDisp	decimal	14	15
EF_SchI_Processed	BegCOH	decimal	14	16
EF_SchI_Processed	Rcpts	decimal	14	17
EF_SchI_Processed	SubTot	decimal	14	18
EF_SchI_Processed	Disburse	decimal	14	19
EF_SchI_Processed	EndCOH	decimal	14	20
EF_SchI_Processed	TotRcpts2	decimal	14	21
EF_SchI_Processed	TransFed2	decimal	14	22
EF_SchI_Processed	TransStateLoc2	decimal	14	23
EF_SchI_Processed	DirectStateLoc2	decimal	14	24
EF_SchI_Processed	OtherDisp2	decimal	14	25
EF_SchI_Processed	TotDisp2	decimal	14	26
EF_SchI_Processed	BegCOH2	decimal	14	27
EF_SchI_Processed	Rcpts2	decimal	14	28
EF_SchI_Processed	SubTot2	decimal	14	29
EF_SchI_Processed	Disburse2	decimal	14	30
EF_SchI_Processed	EndCOH2	decimal	14	31
EF_SchF3PS_Processed	Filename	varchar	16	1
EF_SchF3PS_Processed	FormType	char	4	2
EF_SchF3PS_Processed	FilerID	char	9	3
EF_SchF3PS_Processed	DateGen	smalldatetime	16	4
EF_SchF3PS_Processed	DateAfter	smalldatetime	16	5
EF_SchF3PS_Processed	NetContrib	decimal	14	6
EF_SchF3PS_Processed	NetOpEx	decimal	14	7
EF_SchF3PS_Processed	FedFunds	decimal	14	8
EF_SchF3PS_Processed	IndivsItem	decimal	14	9
EF_SchF3PS_Processed	IndivsUnitem	decimal	14	10
EF_SchF3PS_Processed	IndivsTotal	decimal	14	11
EF_SchF3PS_Processed	Pty	decimal	14	12
EF_SchF3PS_Processed	OthCmte	decimal	14	13
EF_SchF3PS_Processed	Cand	decimal	14	14
EF_SchF3PS_Processed	TotContrib	decimal	14	15
EF_SchF3PS_Processed	TransAffil	decimal	14	16
EF_SchF3PS_Processed	Guarantee	decimal	14	17
EF_SchF3PS_Processed	OthLoan	decimal	14	18
EF_SchF3PS_Processed	TotLoan	decimal	14	19
EF_SchF3PS_Processed	Oper	decimal	14	20
EF_SchF3PS_Processed	Fundr	decimal	14	21
EF_SchF3PS_Processed	Legal	decimal	14	22
EF_SchF3PS_Processed	TotExpOff	decimal	14	23
EF_SchF3PS_Processed	OthRcpts	decimal	14	24
EF_SchF3PS_Processed	TotRcpts2	decimal	14	25
EF_SchF3PS_Processed	OpExp	decimal	14	26
EF_SchF3PS_Processed	TransTo	decimal	14	27
EF_SchF3PS_Processed	FundrExp	decimal	14	28
EF_SchF3PS_Processed	LegalExmpt	decimal	14	29
EF_SchF3PS_Processed	RepCand	decimal	14	30
EF_SchF3PS_Processed	OtherRep	decimal	14	31
EF_SchF3PS_Processed	TotRepay	decimal	14	32
EF_SchF3PS_Processed	IndivsRef	decimal	14	33
EF_SchF3PS_Processed	PartyRef	decimal	14	34
EF_SchF3PS_Processed	OthRef	decimal	14	35
EF_SchF3PS_Processed	TotContrRef	decimal	14	36
EF_SchF3PS_Processed	OthDisp	decimal	14	37
EF_SchF3PS_Processed	TotDisp2	decimal	14	38
EF_SchF3PS_Processed	AL	decimal	14	39
EF_SchF3PS_Processed	AK	decimal	14	40
EF_SchF3PS_Processed	AZ	decimal	14	41
EF_SchF3PS_Processed	AR	decimal	14	42
EF_SchF3PS_Processed	CA	decimal	14	43
EF_SchF3PS_Processed	CO	decimal	14	44
EF_SchF3PS_Processed	CT	decimal	14	45
EF_SchF3PS_Processed	DE	decimal	14	46
EF_SchF3PS_Processed	DC	decimal	14	47
EF_SchF3PS_Processed	FL	decimal	14	48
EF_SchF3PS_Processed	GA	decimal	14	49
EF_SchF3PS_Processed	HI	decimal	14	50
EF_SchF3PS_Processed	ID	decimal	14	51
EF_SchF3PS_Processed	IL	decimal	14	52
EF_SchF3PS_Processed	IN	decimal	14	53
EF_SchF3PS_Processed	IA	decimal	14	54
EF_SchF3PS_Processed	KS	decimal	14	55
EF_SchF3PS_Processed	KY	decimal	14	56
EF_SchF3PS_Processed	LA	decimal	14	57
EF_SchF3PS_Processed	ME	decimal	14	58
EF_SchF3PS_Processed	MD	decimal	14	59
EF_SchF3PS_Processed	MA	decimal	14	60
EF_SchF3PS_Processed	MI	decimal	14	61
EF_SchF3PS_Processed	MN	decimal	14	62
EF_SchF3PS_Processed	MS	decimal	14	63
EF_SchF3PS_Processed	MO	decimal	14	64
EF_SchF3PS_Processed	MT	decimal	14	65
EF_SchF3PS_Processed	NE	decimal	14	66
EF_SchF3PS_Processed	NV	decimal	14	67
EF_SchF3PS_Processed	NH	decimal	14	68
EF_SchF3PS_Processed	NJ	decimal	14	69
EF_SchF3PS_Processed	NM	decimal	14	70
EF_SchF3PS_Processed	NY	decimal	14	71
EF_SchF3PS_Processed	NC	decimal	14	72
EF_SchF3PS_Processed	ND	decimal	14	73
EF_SchF3PS_Processed	OH	decimal	14	74
EF_SchF3PS_Processed	OK	decimal	14	75
EF_SchF3PS_Processed	OR	decimal	14	76
EF_SchF3PS_Processed	PA	decimal	14	77
EF_SchF3PS_Processed	RI	decimal	14	78
EF_SchF3PS_Processed	SC	decimal	14	79
EF_SchF3PS_Processed	SD	decimal	14	80
EF_SchF3PS_Processed	TN	decimal	14	81
EF_SchF3PS_Processed	TX	decimal	14	82
EF_SchF3PS_Processed	UT	decimal	14	83
EF_SchF3PS_Processed	VT	decimal	14	84
EF_SchF3PS_Processed	VA	decimal	14	85
EF_SchF3PS_Processed	WA	decimal	14	86
EF_SchF3PS_Processed	WV	decimal	14	87
EF_SchF3PS_Processed	WI	decimal	14	88
EF_SchF3PS_Processed	WY	decimal	14	89
EF_SchF3PS_Processed	PR	decimal	14	90
EF_SchF3PS_Processed	GU	decimal	14	91
EF_SchF3PS_Processed	VI	decimal	14	92
EF_SchF3PS_Processed	Tot	decimal	14	93
EF_SchL_Processed	Filename	varchar	16	1
EF_SchL_Processed	FormType	char	8	2
EF_SchL_Processed	FilerID	char	9	3
EF_SchL_Processed	TransID	varchar	20	4
EF_SchL_Processed	RecID	char	9	5
EF_SchL_Processed	AcctName	varchar	90	6
EF_SchL_Processed	DateFrom	smalldatetime	16	7
EF_SchL_Processed	DateTo	smalldatetime	16	8
EF_SchL_Processed	ItemRcpts	decimal	14	9
EF_SchL_Processed	UnitemRcpts	decimal	14	10
EF_SchL_Processed	TotIndiv	decimal	14	11
EF_SchL_Processed	OtherRcpts	decimal	14	12
EF_SchL_Processed	TotRcpts	decimal	14	13
EF_SchL_Processed	VRSpent	decimal	14	14
EF_SchL_Processed	VoterIDSpent	decimal	14	15
EF_SchL_Processed	GOTVSpent	decimal	14	16
EF_SchL_Processed	CampSpent	decimal	14	17
EF_SchL_Processed	Tot4	decimal	14	18
EF_SchL_Processed	OtherSpent	decimal	14	19
EF_SchL_Processed	TotSpent	decimal	14	20
EF_SchL_Processed	COH	decimal	14	21
EF_SchL_Processed	Rcpts	decimal	14	22
EF_SchL_Processed	Subtotal	decimal	14	23
EF_SchL_Processed	Spent	decimal	14	24
EF_SchL_Processed	EncCash	decimal	14	25
EF_SchL_Processed	ItemRcptsYTD	decimal	14	26
EF_SchL_Processed	UnitemRcptsYTD	decimal	14	27
EF_SchL_Processed	TotIndivYTD	decimal	14	28
EF_SchL_Processed	OtherRcptsYTD	decimal	14	29
EF_SchL_Processed	TotRcptsYTD	decimal	14	30
EF_SchL_Processed	VRSpentYTD	decimal	14	31
EF_SchL_Processed	VoterIDSpentYTD	decimal	14	32
EF_SchL_Processed	GOTVSpentYTD	decimal	14	33
EF_SchL_Processed	CampSpentYTD	decimal	14	34
EF_SchL_Processed	Tot4YTD	decimal	14	35
EF_SchL_Processed	OtherSpentYTD	decimal	14	36
EF_SchL_Processed	TotSpentYTD	decimal	14	37
EF_SchL_Processed	COHYTD	decimal	14	38
EF_SchL_Processed	RcptsYTD	decimal	14	39
EF_SchL_Processed	SubtotalYTD	decimal	14	40
EF_SchL_Processed	SpentYTD	decimal	14	41
EF_SchL_Processed	EndCashYTD	decimal	14	42
EF_SchE_Processed	FileName	varchar	16	1
EF_SchE_Processed	FormType	char	8	2
EF_SchE_Processed	FilerID	char	9	3
EF_SchE_Processed	TransID	varchar	20	4
EF_SchE_Processed	BackRefID	varchar	20	5
EF_SchE_Processed	BackRefSch	char	8	6
EF_SchE_Processed	EntType	char	3	7
EF_SchE_Processed	PayeeOrg	varchar	200	8
EF_SchE_Processed	PayeeLN	varchar	30	9
EF_SchE_Processed	PayeeFN	varchar	20	10
EF_SchE_Processed	PayeeMN	varchar	20	11
EF_SchE_Processed	PayeePrefix	varchar	10	12
EF_SchE_Processed	PayeeSuffix	varchar	10	13
EF_SchE_Processed	Street1	varchar	34	14
EF_SchE_Processed	Street2	varchar	34	15
EF_SchE_Processed	City	varchar	30	16
EF_SchE_Processed	State	char	2	17
EF_SchE_Processed	Zip	char	9	18
EF_SchE_Processed	ElecCode	char	5	19
EF_SchE_Processed	ElecOther	varchar	20	20
EF_SchE_Processed	DateExp	smalldatetime	16	21
EF_SchE_Processed	Amount	decimal	14	22
EF_SchE_Processed	DateDisburse	smalldatetime	20	23
EF_SchE_Processed	AmtYTD	decimal	14	24
EF_SchE_Processed	Descrip	varchar	100	25
EF_SchE_Processed	CatCode	char	3	26
EF_SchE_Processed	CmteID	char	9	27
EF_SchE_Processed	SupportOppose	char	1	28
EF_SchE_Processed	CandID	char	9	29
EF_SchE_Processed	CandLN	varchar	30	30
EF_SchE_Processed	CandFN	varchar	20	31
EF_SchE_Processed	CandMN	varchar	20	32
EF_SchE_Processed	CandPrefix	varchar	10	33
EF_SchE_Processed	CandSuffix	varchar	10	34
EF_SchE_Processed	CandOffice	char	1	35
EF_SchE_Processed	CandState	char	2	36
EF_SchE_Processed	District	char	2	37
EF_SchE_Processed	SignLN	varchar	30	38
EF_SchE_Processed	SignFN	varchar	20	39
EF_SchE_Processed	SignMN	varchar	20	40
EF_SchE_Processed	SignPrefix	varchar	10	41
EF_SchE_Processed	SignSuffix	varchar	10	42
EF_SchE_Processed	DateSign	smalldatetime	16	43
EF_SchE_Processed	Memocode	char	1	44
EF_SchE_Processed	MemoText	varchar	100	45
EF_SchF5_Processed	Filename	varchar	16	1
EF_SchF5_Processed	FormType	char	8	2
EF_SchF5_Processed	FilerID	char	9	3
EF_SchF5_Processed	EntType	char	3	4
EF_SchF5_Processed	Orgname	varchar	200	5
EF_SchF5_Processed	IndivLN	varchar	30	6
EF_SchF5_Processed	IndivFN	varchar	20	7
EF_SchF5_Processed	IndivMN	varchar	20	8
EF_SchF5_Processed	IndivPrefix	varchar	10	9
EF_SchF5_Processed	IndivSuffix	varchar	10	10
EF_SchF5_Processed	ChgAddr	char	1	11
EF_SchF5_Processed	Street1	varchar	34	12
EF_SchF5_Processed	Street2	varchar	34	13
EF_SchF5_Processed	City	varchar	30	14
EF_SchF5_Processed	State	char	2	15
EF_SchF5_Processed	Zip	char	9	16
EF_SchF5_Processed	Occup	varchar	38	17
EF_SchF5_Processed	Employer	varchar	38	18
EF_SchF5_Processed	RptCode	char	3	19
EF_SchF5_Processed	HourCode	char	2	20
EF_SchF5_Processed	OrigAmendDate	smalldatetime	16	21
EF_SchF5_Processed	DateFrom	smalldatetime	16	22
EF_SchF5_Processed	DateTo	smalldatetime	16	23
EF_SchF5_Processed	TotContrib	decimal	14	24
EF_SchF5_Processed	TotIndExp	decimal	14	25
EF_SchF5_Processed	SignerLN	varchar	30	26
EF_SchF5_Processed	SignerFN	varchar	20	27
EF_SchF5_Processed	SignerMN	varchar	20	28
EF_SchF5_Processed	SignerPrefix	varchar	10	29
EF_SchF5_Processed	SignerSuffix	varchar	10	30
EF_SchF5_Processed	DateSign	smalldatetime	16	31
EF_SchF56_Processed	Filename	varchar	16	1
EF_SchF56_Processed	FormType	char	8	2
EF_SchF56_Processed	FilerID	char	9	3
EF_SchF56_Processed	TransID	varchar	20	4
EF_SchF56_Processed	EntType	char	3	5
EF_SchF56_Processed	ContribOrg	varchar	200	6
EF_SchF56_Processed	ContribLN	varchar	30	7
EF_SchF56_Processed	ContribFN	varchar	20	8
EF_SchF56_Processed	ContribMN	varchar	20	9
EF_SchF56_Processed	ContribPrefix	varchar	10	10
EF_SchF56_Processed	ContribSuffix	varchar	10	11
EF_SchF56_Processed	Street1	varchar	34	12
EF_SchF56_Processed	Street2	varchar	34	13
EF_SchF56_Processed	City	varchar	30	14
EF_SchF56_Processed	State	char	2	15
EF_SchF56_Processed	Zip	char	9	16
EF_SchF56_Processed	CmteID	char	9	17
EF_SchF56_Processed	Date	smalldatetime	16	18
EF_SchF56_Processed	Amount	decimal	14	19
EF_SchF56_Processed	Employer	varchar	38	20
EF_SchF56_Processed	Occupation	varchar	38	21
EF_SchF57_Processed	Filename	varchar	16	1
EF_SchF57_Processed	FormType	char	8	2
EF_SchF57_Processed	FilerID	char	9	3
EF_SchF57_Processed	TransID	varchar	20	4
EF_SchF57_Processed	EntType	char	3	5
EF_SchF57_Processed	PayeeOrg	varchar	200	6
EF_SchF57_Processed	PayeeLN	varchar	30	7
EF_SchF57_Processed	PayeeFN	varchar	20	8
EF_SchF57_Processed	PayeeMN	varchar	20	9
EF_SchF57_Processed	PayeePrefix	varchar	10	10
EF_SchF57_Processed	PayeeSuffix	varchar	10	11
EF_SchF57_Processed	Street1	varchar	34	12
EF_SchF57_Processed	Street2	varchar	34	13
EF_SchF57_Processed	City	varchar	30	14
EF_SchF57_Processed	State	char	2	15
EF_SchF57_Processed	Zip	char	9	16
EF_SchF57_Processed	ElecCode	char	5	17
EF_SchF57_Processed	ElecOther	char	20	18
EF_SchF57_Processed	DateExp	smalldatetime	16	19
EF_SchF57_Processed	Amount	decimal	14	20
EF_SchF57_Processed	AmtYTD	decimal	14	21
EF_SchF57_Processed	ExpDesc	varchar	100	22
EF_SchF57_Processed	Catcode	char	3	23
EF_SchF57_Processed	PayeeCmteID	char	9	24
EF_SchF57_Processed	SupportOppose	char	1	25
EF_SchF57_Processed	CandID	char	9	26
EF_SchF57_Processed	CandLN	varchar	30	27
EF_SchF57_Processed	CandFN	varchar	20	28
EF_SchF57_Processed	CandMN	varchar	20	29
EF_SchF57_Processed	CandPrefix	varchar	10	30
EF_SchF57_Processed	CandSuffix	varchar	10	31
EF_SchF57_Processed	Office	char	1	32
EF_SchF57_Processed	CandState	char	2	33
EF_SchF57_Processed	District	char	2	34
EF_SchF3_Processed	Filename	varchar	16	1
EF_SchF3_Processed	FormType	char	4	2
EF_SchF3_Processed	FilerID	char	9	3
EF_SchF3_Processed	CmteName	varchar	200	4
EF_SchF3_Processed	ChgAddr	char	1	5
EF_SchF3_Processed	Street1	varchar	34	6
EF_SchF3_Processed	Street2	varchar	34	7
EF_SchF3_Processed	City	varchar	30	8
EF_SchF3_Processed	State	char	2	9
EF_SchF3_Processed	Zip	char	9	10
EF_SchF3_Processed	ElecState	char	2	11
EF_SchF3_Processed	ElecDist	char	2	12
EF_SchF3_Processed	RptCode	char	3	13
EF_SchF3_Processed	RptPGI	char	5	14
EF_SchF3_Processed	DateElec	smalldatetime	16	15
EF_SchF3_Processed	StElec	char	2	16
EF_SchF3_Processed	DateFrom	smalldatetime	16	17
EF_SchF3_Processed	DateTo	smalldatetime	16	18
EF_SchF3_Processed	TreasLN	varchar	30	19
EF_SchF3_Processed	TreasFN	varchar	20	20
EF_SchF3_Processed	TreasMN	varchar	20	21
EF_SchF3_Processed	TreasPrefix	varchar	50	22
EF_SchF3_Processed	TreasSuffix	varchar	50	23
EF_SchF3_Processed	DateSigned	smalldatetime	16	24
EF_SchF3_Processed	TotContrib	decimal	14	25
EF_SchF3_Processed	TotRef	decimal	14	26
EF_SchF3_Processed	NetContr	decimal	14	27
EF_SchF3_Processed	TotOpExp	decimal	14	28
EF_SchF3_Processed	TotOffset	decimal	14	29
EF_SchF3_Processed	NetOp	decimal	14	30
EF_SchF3_Processed	COH	decimal	14	31
EF_SchF3_Processed	DebtTo	decimal	14	32
EF_SchF3_Processed	DebtBy	decimal	14	33
EF_SchF3_Processed	IndItem	decimal	14	34
EF_SchF3_Processed	IndUnitem	decimal	14	35
EF_SchF3_Processed	IndTot	decimal	14	36
EF_SchF3_Processed	Party	decimal	14	37
EF_SchF3_Processed	OtherPol	decimal	14	38
EF_SchF3_Processed	Cand	decimal	14	39
EF_SchF3_Processed	TotContrib2	decimal	14	40
EF_SchF3_Processed	TransFrom	decimal	14	41
EF_SchF3_Processed	LoansCand	decimal	14	42
EF_SchF3_Processed	OtherLoan	decimal	14	43
EF_SchF3_Processed	TotLoan	decimal	14	44
EF_SchF3_Processed	OffOE	decimal	14	45
EF_SchF3_Processed	OthRcpts	decimal	14	46
EF_SchF3_Processed	TotRcpts	decimal	14	47
EF_SchF3_Processed	OpExp	decimal	14	48
EF_SchF3_Processed	TransTo	decimal	14	49
EF_SchF3_Processed	LoansCand2	decimal	14	50
EF_SchF3_Processed	LoanRepay	decimal	14	51
EF_SchF3_Processed	TotRepay	decimal	14	52
EF_SchF3_Processed	RefundInd	decimal	14	53
EF_SchF3_Processed	RefundPty	decimal	14	54
EF_SchF3_Processed	RefundOth	decimal	14	55
EF_SchF3_Processed	TotRefund	decimal	14	56
EF_SchF3_Processed	OthDisp	decimal	14	57
EF_SchF3_Processed	TotDisp	decimal	14	58
EF_SchF3_Processed	CashBeg	decimal	14	59
EF_SchF3_Processed	TotRcpts2	decimal	14	60
EF_SchF3_Processed	SubTot	decimal	14	61
EF_SchF3_Processed	TotDisp2	decimal	14	62
EF_SchF3_Processed	COHClose	decimal	14	63
EF_SchF3_Processed	TotContribYTD	decimal	14	64
EF_SchF3_Processed	TotContrRefYTD	decimal	14	65
EF_SchF3_Processed	NetContribYTD	decimal	14	66
EF_SchF3_Processed	TotOpExYTD	decimal	14	67
EF_SchF3_Processed	TotOffYTD	decimal	14	68
EF_SchF3_Processed	NetOpExYTD	decimal	14	69
EF_SchF3_Processed	IndItemYTD	decimal	14	70
EF_SchF3_Processed	IndUnitemYTD	decimal	14	71
EF_SchF3_Processed	IndTotYTD	decimal	14	72
EF_SchF3_Processed	PtyYTD	decimal	14	73
EF_SchF3_Processed	PacsYTD	decimal	14	74
EF_SchF3_Processed	CandYTD	decimal	14	75
EF_SchF3_Processed	TotContr2YTD	decimal	14	76
EF_SchF3_Processed	TranAuthYTD	decimal	14	77
EF_SchF3_Processed	LoanCanYTD	decimal	14	78
EF_SchF3_Processed	OthLoanYTD	decimal	14	79
EF_SchF3_Processed	TotLoanYTD	decimal	14	80
EF_SchF3_Processed	OffOpEx2YTD	decimal	14	81
EF_SchF3_Processed	OthRcptsYTD	decimal	14	82
EF_SchF3_Processed	TotRcptsYTD	decimal	14	83
EF_SchF3_Processed	OpEx2YTD	decimal	14	84
EF_SchF3_Processed	TransToAuthYTD	decimal	14	85
EF_SchF3_Processed	LoanRepaybyYTD	decimal	14	86
EF_SchF3_Processed	LoanRepayOthYTD	decimal	14	87
EF_SchF3_Processed	TotLoanRepayYTD	decimal	14	88
EF_SchF3_Processed	RefIndYTD	decimal	14	89
EF_SchF3_Processed	RefPtyYTD	decimal	14	90
EF_SchF3_Processed	RefOthYTD	decimal	14	91
EF_SchF3_Processed	TotContRefYTD	decimal	14	92
EF_SchF3_Processed	OthDispYTD	decimal	14	93
EF_SchF3_Processed	TotDispYTD	decimal	14	94
EF_SchF13_Processed	FileName	varchar	16	1
EF_SchF13_Processed	FormType	varchar	4	2
EF_SchF13_Processed	FilerID	varchar	9	3
EF_SchF13_Processed	CmteName	varchar	200	4
EF_SchF13_Processed	ChgAddr	char	1	5
EF_SchF13_Processed	Street1	varchar	34	6
EF_SchF13_Processed	Street2	varchar	34	7
EF_SchF13_Processed	City	varchar	30	8
EF_SchF13_Processed	State	varchar	2	9
EF_SchF13_Processed	Zip	decimal	14	10
EF_SchF13_Processed	RptCode	char	3	11
EF_SchF13_Processed	DateAmnd	smalldatetime	16	12
EF_SchF13_Processed	DateFrom	smalldatetime	16	13
EF_SchF13_Processed	DateTo	smalldatetime	16	14
EF_SchF13_Processed	TotalAccepted	decimal	14	15
EF_SchF13_Processed	TotalRefund	decimal	14	16
EF_SchF13_Processed	Net	decimal	14	17
EF_SchF13_Processed	OfficerLN	varchar	30	18
EF_SchF13_Processed	OfficerFN	varchar	20	19
EF_SchF13_Processed	OfficerMN	varchar	20	20
EF_SchF13_Processed	OfficerPrefix	varchar	10	21
EF_SchF13_Processed	OfficerSuffix	varchar	10	22
EF_SchF13_Processed	DateSign	smalldatetime	16	23
EF_SchF132_Processed	FileName	varchar	16	1
EF_SchF132_Processed	FormType	varchar	8	2
EF_SchF132_Processed	FilerID	varchar	9	3
EF_SchF132_Processed	TransID	varchar	20	4
EF_SchF132_Processed	BackRefID	varchar	20	5
EF_SchF132_Processed	BackRefSch	char	8	6
EF_SchF132_Processed	EntType	char	3	7
EF_SchF132_Processed	ContribOrg	varchar	200	8
EF_SchF132_Processed	ContibLN	varchar	30	9
EF_SchF132_Processed	ContribFN	varchar	20	10
EF_SchF132_Processed	ContribMN	varchar	20	11
EF_SchF132_Processed	ContribPrefix	varchar	10	12
EF_SchF132_Processed	ContribSuffix	varchar	10	13
EF_SchF132_Processed	Street1	varchar	34	14
EF_SchF132_Processed	Street2	varchar	34	15
EF_SchF132_Processed	City	varchar	30	16
EF_SchF132_Processed	State	varchar	2	17
EF_SchF132_Processed	Zip	varchar	9	18
EF_SchF132_Processed	Date	smalldatetime	16	19
EF_SchF132_Processed	Amount	decimal	14	20
EF_SchF132_Processed	AmntToDate	decimal	14	21
EF_SchF132_Processed	MemoCode	char	1	22
EF_SchF132_Processed	MemoText	varchar	100	23
EF_SchF76_Processed	Filename	varchar	16	1
EF_SchF76_Processed	FormType	char	8	2
EF_SchF76_Processed	FilerID	char	9	3
EF_SchF76_Processed	TransID	varchar	20	4
EF_SchF76_Processed	CommType	char	2	5
EF_SchF76_Processed	CommTypeDesc	varchar	40	6
EF_SchF76_Processed	CommClass	char	1	7
EF_SchF76_Processed	Date	smalldatetime	16	8
EF_SchF76_Processed	Cost	decimal	14	9
EF_SchF76_Processed	ElecCode	char	5	10
EF_SchF76_Processed	ElecOther	char	20	11
EF_SchF76_Processed	SupportOppose	char	1	12
EF_SchF76_Processed	CandID	char	9	13
EF_SchF76_Processed	CandLN	varchar	30	14
EF_SchF76_Processed	CandFN	varchar	20	15
EF_SchF76_Processed	CandMN	varchar	20	16
EF_SchF76_Processed	CandPrefix	varchar	10	17
EF_SchF76_Processed	CandSuffix	varchar	10	18
EF_SchF76_Processed	Office	char	1	19
EF_SchF76_Processed	CandState	char	2	20
EF_SchF76_Processed	District	char	2	21
EF_SchF133_Processed	FileName	varchar	16	1
EF_SchF133_Processed	FormType	varchar	8	2
EF_SchF133_Processed	FilerID	varchar	9	3
EF_SchF133_Processed	TransID	varchar	20	4
EF_SchF133_Processed	BackRefID	varchar	20	5
EF_SchF133_Processed	BackRefSch	char	8	6
EF_SchF133_Processed	EntType	char	3	7
EF_SchF133_Processed	ContribOrg	varchar	200	8
EF_SchF133_Processed	ContribLN	varchar	30	9
EF_SchF133_Processed	ContribFN	varchar	20	10
EF_SchF133_Processed	ContribMN	varchar	20	11
EF_SchF133_Processed	ContribPrefix	varchar	10	12
EF_SchF133_Processed	ContribSuffix	varchar	10	13
EF_SchF133_Processed	Street1	varchar	34	14
EF_SchF133_Processed	Street2	varchar	34	15
EF_SchF133_Processed	City	varchar	30	16
EF_SchF133_Processed	State	varchar	2	17
EF_SchF133_Processed	Zip	varchar	9	18
EF_SchF133_Processed	DateRefund	char	8	19
EF_SchF133_Processed	Amount	char	12	20
EF_SchF133_Processed	MemoCode	char	1	21
EF_SchF133_Processed	MemoText	varchar	100	22
EF_SchF3L_Processed	FileName	varchar	16	1
EF_SchF3L_Processed	FormType	varchar	4	2
EF_SchF3L_Processed	FilerID	varchar	9	3
EF_SchF3L_Processed	CmteName	varchar	200	4
EF_SchF3L_Processed	ChgAddr	char	1	5
EF_SchF3L_Processed	Street1	varchar	34	6
EF_SchF3L_Processed	Street2	varchar	34	7
EF_SchF3L_Processed	City	varchar	30	8
EF_SchF3L_Processed	State	varchar	2	9
EF_SchF3L_Processed	Zip	char	9	10
EF_SchF3L_Processed	ElecState	char	2	11
EF_SchF3L_Processed	ElecDist	char	2	12
EF_SchF3L_Processed	RptCode	char	3	13
EF_SchF3L_Processed	DateElec	smalldatetime	16	14
EF_SchF3L_Processed	StateElec	char	2	15
EF_SchF3L_Processed	Semi5cd	char	1	16
EF_SchF3L_Processed	DateFrom	smalldatetime	16	17
EF_SchF3L_Processed	DateTo	smalldatetime	16	18
EF_SchF3L_Processed	Semi6b	char	1	19
EF_SchF3L_Processed	Semi6b2	char	1	20
EF_SchF3L_Processed	QtrMnBundled	decimal	14	21
EF_SchF3L_Processed	SemiBundled	decimal	14	22
EF_SchF3L_Processed	TreasLN	varchar	30	23
EF_SchF3L_Processed	TreasFN	varchar	20	24
EF_SchF3L_Processed	TreasMN	varchar	20	25
EF_SchF3L_Processed	TreasPrefix	varchar	10	26
EF_SchF3L_Processed	TreasSuffix	varchar	10	27
EF_SchF3L_Processed	DateSign	smalldatetime	16	28
EF_SchF3P_Processed	Filename	varchar	16	1
EF_SchF3P_Processed	FormType	char	4	2
EF_SchF3P_Processed	FilerID	char	9	3
EF_SchF3P_Processed	CmteName	varchar	200	4
EF_SchF3P_Processed	ChgAddr	char	1	5
EF_SchF3P_Processed	Street1	varchar	34	6
EF_SchF3P_Processed	Street2	varchar	34	7
EF_SchF3P_Processed	City	varchar	30	8
EF_SchF3P_Processed	State	char	2	9
EF_SchF3P_Processed	Zip	char	9	10
EF_SchF3P_Processed	ActPrim	char	1	11
EF_SchF3P_Processed	ActGen	char	1	12
EF_SchF3P_Processed	RptCode	char	3	13
EF_SchF3P_Processed	RptPGI	char	5	14
EF_SchF3P_Processed	DateElec	smalldatetime	16	15
EF_SchF3P_Processed	StElec	char	2	16
EF_SchF3P_Processed	DateFrom	smalldatetime	16	17
EF_SchF3P_Processed	DateTo	smalldatetime	16	18
EF_SchF3P_Processed	TreasLN	varchar	30	19
EF_SchF3P_Processed	TreasFN	varchar	20	20
EF_SchF3P_Processed	TreasMN	varchar	20	21
EF_SchF3P_Processed	TreasPrefix	varchar	10	22
EF_SchF3P_Processed	TreasSuffix	varchar	10	23
EF_SchF3P_Processed	DateSign	smalldatetime	16	24
EF_SchF3P_Processed	COHBeg	decimal	14	25
EF_SchF3P_Processed	TotRcpts	decimal	14	26
EF_SchF3P_Processed	SubTot	decimal	14	27
EF_SchF3P_Processed	TotDisp	decimal	14	28
EF_SchF3P_Processed	COHEnd	decimal	14	29
EF_SchF3P_Processed	DebtTo	decimal	14	30
EF_SchF3P_Processed	DebtBy	decimal	14	31
EF_SchF3P_Processed	ExpLimits	decimal	14	32
EF_SchF3P_Processed	NetContrib	decimal	14	33
EF_SchF3P_Processed	NetOpEx	decimal	14	34
EF_SchF3P_Processed	FedFunds	decimal	14	35
EF_SchF3P_Processed	IndivsItem	decimal	14	36
EF_SchF3P_Processed	IndivsUnitem	decimal	14	37
EF_SchF3P_Processed	IndivsTotal	decimal	14	38
EF_SchF3P_Processed	Pty	decimal	14	39
EF_SchF3P_Processed	OthCmte	decimal	14	40
EF_SchF3P_Processed	Cand	decimal	14	41
EF_SchF3P_Processed	TotContrib	decimal	14	42
EF_SchF3P_Processed	TransAffil	decimal	14	43
EF_SchF3P_Processed	Recd	decimal	14	44
EF_SchF3P_Processed	OthLoan	decimal	14	45
EF_SchF3P_Processed	TotLoan	decimal	14	46
EF_SchF3P_Processed	Oper	decimal	14	47
EF_SchF3P_Processed	Fundr	decimal	14	48
EF_SchF3P_Processed	Legal	decimal	14	49
EF_SchF3P_Processed	TotExpOff	decimal	14	50
EF_SchF3P_Processed	OthRcpts	decimal	14	51
EF_SchF3P_Processed	TotRcpts2	decimal	14	52
EF_SchF3P_Processed	OpExp	decimal	14	53
EF_SchF3P_Processed	TransTo	decimal	14	54
EF_SchF3P_Processed	FundrExp	decimal	14	55
EF_SchF3P_Processed	LegalExmpt	decimal	14	56
EF_SchF3P_Processed	RepCand	decimal	14	57
EF_SchF3P_Processed	OtherRep	decimal	14	58
EF_SchF3P_Processed	TotRepay	decimal	14	59
EF_SchF3P_Processed	IndivsRef	decimal	14	60
EF_SchF3P_Processed	PartyRef	decimal	14	61
EF_SchF3P_Processed	OthRef	decimal	14	62
EF_SchF3P_Processed	TotContrRef	decimal	14	63
EF_SchF3P_Processed	OthDisp	decimal	14	64
EF_SchF3P_Processed	TotDisp2	decimal	14	65
EF_SchF3P_Processed	Liq	decimal	14	66
EF_SchF3P_Processed	AL	decimal	14	67
EF_SchF3P_Processed	AK	decimal	14	68
EF_SchF3P_Processed	AZ	decimal	14	69
EF_SchF3P_Processed	AR	decimal	14	70
EF_SchF3P_Processed	CA	decimal	14	71
EF_SchF3P_Processed	CO	decimal	14	72
EF_SchF3P_Processed	CT	decimal	14	73
EF_SchF3P_Processed	DE	decimal	14	74
EF_SchF3P_Processed	DC	decimal	14	75
EF_SchF3P_Processed	FL	decimal	14	76
EF_SchF3P_Processed	GA	decimal	14	77
EF_SchF3P_Processed	HI	decimal	14	78
EF_SchF3P_Processed	ID	decimal	14	79
EF_SchF3P_Processed	IL	decimal	14	80
EF_SchF3P_Processed	IN	decimal	14	81
EF_SchF3P_Processed	IA	decimal	14	82
EF_SchF3P_Processed	KS	decimal	14	83
EF_SchF3P_Processed	KY	decimal	14	84
EF_SchF3P_Processed	LA	decimal	14	85
EF_SchF3P_Processed	ME	decimal	14	86
EF_SchF3P_Processed	MD	decimal	14	87
EF_SchF3P_Processed	MA	decimal	14	88
EF_SchF3P_Processed	MI	decimal	14	89
EF_SchF3P_Processed	MN	decimal	14	90
EF_SchF3P_Processed	MS	decimal	14	91
EF_SchF3P_Processed	MO	decimal	14	92
EF_SchF3P_Processed	MT	decimal	14	93
EF_SchF3P_Processed	NE	decimal	14	94
EF_SchF3P_Processed	NV	decimal	14	95
EF_SchF3P_Processed	NH	decimal	14	96
EF_SchF3P_Processed	NJ	decimal	14	97
EF_SchF3P_Processed	NM	decimal	14	98
EF_SchF3P_Processed	NY	decimal	14	99
EF_SchF3P_Processed	NC	decimal	14	100
EF_SchF3P_Processed	ND	decimal	14	101
EF_SchF3P_Processed	OH	decimal	14	102
EF_SchF3P_Processed	OK	decimal	14	103
EF_SchF3P_Processed	OR	decimal	14	104
EF_SchF3P_Processed	PA	decimal	14	105
EF_SchF3P_Processed	RI	decimal	14	106
EF_SchF3P_Processed	SC	decimal	14	107
EF_SchF3P_Processed	SD	decimal	14	108
EF_SchF3P_Processed	TN	decimal	14	109
EF_SchF3P_Processed	TX	decimal	14	110
EF_SchF3P_Processed	UT	decimal	14	111
EF_SchF3P_Processed	VT	decimal	14	112
EF_SchF3P_Processed	VA	decimal	14	113
EF_SchF3P_Processed	WA	decimal	14	114
EF_SchF3P_Processed	WV	decimal	14	115
EF_SchF3P_Processed	WI	decimal	14	116
EF_SchF3P_Processed	WY	decimal	14	117
EF_SchF3P_Processed	PR	decimal	14	118
EF_SchF3P_Processed	GU	decimal	14	119
EF_SchF3P_Processed	VI	decimal	14	120
EF_SchF3P_Processed	TotState	decimal	14	121
EF_SchF3P_Processed	FedFundsYTD	decimal	14	122
EF_SchF3P_Processed	IndivsItemYTD	decimal	14	123
EF_SchF3P_Processed	IndivsUnitemYTD	decimal	14	124
EF_SchF3P_Processed	IndivsTotalYTD	decimal	14	125
EF_SchF3P_Processed	PtyYTD	decimal	14	126
EF_SchF3P_Processed	OthCmteYTD	decimal	14	127
EF_SchF3P_Processed	CandYTD	decimal	14	128
EF_SchF3P_Processed	TotContribYTD	decimal	14	129
EF_SchF3P_Processed	TransAffilYTD	decimal	14	130
EF_SchF3P_Processed	RecdYTD	decimal	14	131
EF_SchF3P_Processed	OthLoanYTD	decimal	14	132
EF_SchF3P_Processed	TotLoanYTD	decimal	14	133
EF_SchF3P_Processed	OperYTD	decimal	14	134
EF_SchF3P_Processed	FundrYTD	decimal	14	135
EF_SchF3P_Processed	LegalYTD	decimal	14	136
EF_SchF3P_Processed	TotExpOffYTD	decimal	14	137
EF_SchF3P_Processed	OthRcptsYTD	decimal	14	138
EF_SchF3P_Processed	TotRcptsYTD	decimal	14	139
EF_SchF3P_Processed	OpExpYTD	decimal	14	140
EF_SchF3P_Processed	TransToYTD	decimal	14	141
EF_SchF3P_Processed	FundrExpYTD	decimal	14	142
EF_SchF3P_Processed	LegalExmptYTD	decimal	14	143
EF_SchF3P_Processed	RepCandYTD	decimal	14	144
EF_SchF3P_Processed	OtherRepYTD	decimal	14	145
EF_SchF3P_Processed	TotRepayYTD	decimal	14	146
EF_SchF3P_Processed	IndivsRefYTD	decimal	14	147
EF_SchF3P_Processed	PartyRefYTD	decimal	14	148
EF_SchF3P_Processed	OthRefYTD	decimal	14	149
EF_SchF3P_Processed	TotContrRefYTD	decimal	14	150
EF_SchF3P_Processed	OthDispYTD	decimal	14	151
EF_SchF3P_Processed	TotDispYTD	decimal	14	152
EF_SchF3P_Processed	AL_YTD	decimal	14	153
EF_SchF3P_Processed	AK_YTD	decimal	14	154
EF_SchF3P_Processed	AZ_YTD	decimal	14	155
EF_SchF3P_Processed	AR_YTD	decimal	14	156
EF_SchF3P_Processed	CA_YTD	decimal	14	157
EF_SchF3P_Processed	CO_YTD	decimal	14	158
EF_SchF3P_Processed	CT_YTD	decimal	14	159
EF_SchF3P_Processed	DE_YTD	decimal	14	160
EF_SchF3P_Processed	DC_YTD	decimal	14	161
EF_SchF3P_Processed	FL_YTD	decimal	14	162
EF_SchF3P_Processed	GA_YTD	decimal	14	163
EF_SchF3P_Processed	HI_YTD	decimal	14	164
EF_SchF3P_Processed	ID_YTD	decimal	14	165
EF_SchF3P_Processed	IL_YTD	decimal	14	166
EF_SchF3P_Processed	IN_YTD	decimal	14	167
EF_SchF3P_Processed	IA_YTD	decimal	14	168
EF_SchF3P_Processed	KS_YTD	decimal	14	169
EF_SchF3P_Processed	KY_YTD	decimal	14	170
EF_SchF3P_Processed	LA_YTD	decimal	14	171
EF_SchF3P_Processed	ME_YTD	decimal	14	172
EF_SchF3P_Processed	MD_YTD	decimal	14	173
EF_SchF3P_Processed	MA_YTD	decimal	14	174
EF_SchF3P_Processed	MI_YTD	decimal	14	175
EF_SchF3P_Processed	MN_YTD	decimal	14	176
EF_SchF3P_Processed	MS_YTD	decimal	14	177
EF_SchF3P_Processed	MO_YTD	decimal	14	178
EF_SchF3P_Processed	MT_YTD	decimal	14	179
EF_SchF3P_Processed	NE_YTD	decimal	14	180
EF_SchF3P_Processed	NV_YTD	decimal	14	181
EF_SchF3P_Processed	NH_YTD	decimal	14	182
EF_SchF3P_Processed	NJ_YTD	decimal	14	183
EF_SchF3P_Processed	NM_YTD	decimal	14	184
EF_SchF3P_Processed	NY_YTD	decimal	14	185
EF_SchF3P_Processed	NC_YTD	decimal	14	186
EF_SchF3P_Processed	ND_YTD	decimal	14	187
EF_SchF3P_Processed	OH_YTD	decimal	14	188
EF_SchF3P_Processed	OK_YTD	decimal	14	189
EF_SchF3P_Processed	OR_YTD	decimal	14	190
EF_SchF3P_Processed	PA_YTD	decimal	14	191
EF_SchF3P_Processed	RI_YTD	decimal	14	192
EF_SchF3P_Processed	SC_YTD	decimal	14	193
EF_SchF3P_Processed	SD_YTD	decimal	14	194
EF_SchF3P_Processed	TN_YTD	decimal	14	195
EF_SchF3P_Processed	TX_YTD	decimal	14	196
EF_SchF3P_Processed	UT_YTD	decimal	14	197
EF_SchF3P_Processed	VT_YTD	decimal	14	198
EF_SchF3P_Processed	VA_YTD	decimal	14	199
EF_SchF3P_Processed	WA_YTD	decimal	14	200
EF_SchF3P_Processed	WV_YTD	decimal	14	201
EF_SchF3P_Processed	WI_YTD	decimal	14	202
EF_SchF3P_Processed	WY_YTD	decimal	14	203
EF_SchF3P_Processed	PR_YTD	decimal	14	204
EF_SchF3P_Processed	GU_YTD	decimal	14	205
EF_SchF3P_Processed	VI_YTD	decimal	14	206
EF_SchF3P_Processed	TotState_YTD	decimal	14	207
EF_SchF3X_Processed	FileName	varchar	16	1
EF_SchF3X_Processed	FormType	char	4	2
EF_SchF3X_Processed	FilerID	char	9	3
EF_SchF3X_Processed	CmteName	varchar	200	4
EF_SchF3X_Processed	ChgAddr	char	1	5
EF_SchF3X_Processed	Street1	varchar	34	6
EF_SchF3X_Processed	Street2	varchar	34	7
EF_SchF3X_Processed	City	varchar	30	8
EF_SchF3X_Processed	State	char	2	9
EF_SchF3X_Processed	Zip	char	9	10
EF_SchF3X_Processed	RptCode	char	3	11
EF_SchF3X_Processed	RptPGI	char	5	12
EF_SchF3X_Processed	DateElec	smalldatetime	16	13
EF_SchF3X_Processed	ElecState	char	2	14
EF_SchF3X_Processed	DateFrom	smalldatetime	16	15
EF_SchF3X_Processed	DateTo	smalldatetime	16	16
EF_SchF3X_Processed	QualCmte	char	1	17
EF_SchF3X_Processed	TreasLN	varchar	30	18
EF_SchF3X_Processed	TreasFN	varchar	20	19
EF_SchF3X_Processed	TreasMN	varchar	20	20
EF_SchF3X_Processed	TreasPrefix	varchar	10	21
EF_SchF3X_Processed	TreasSuffix	varchar	10	22
EF_SchF3X_Processed	DateSign	smalldatetime	16	23
EF_SchF3X_Processed	COHBeg	decimal	14	24
EF_SchF3X_Processed	TotalRecipient	decimal	14	25
EF_SchF3X_Processed	SubTot	decimal	14	26
EF_SchF3X_Processed	TotalDisbursements	decimal	14	27
EF_SchF3X_Processed	COHEnd	decimal	14	28
EF_SchF3X_Processed	DebtTo	decimal	14	29
EF_SchF3X_Processed	DebtBy	decimal	14	30
EF_SchF3X_Processed	IndItem	decimal	14	31
EF_SchF3X_Processed	IndUnitem	decimal	14	32
EF_SchF3X_Processed	IndTot	decimal	14	33
EF_SchF3X_Processed	Party	decimal	14	34
EF_SchF3X_Processed	OtherCmte	decimal	14	35
EF_SchF3X_Processed	TotContrib	decimal	14	36
EF_SchF3X_Processed	TransFrom	decimal	14	37
EF_SchF3X_Processed	LoansRcv	decimal	14	38
EF_SchF3X_Processed	LoanRepRcv	decimal	14	39
EF_SchF3X_Processed	OffsetsOperating	decimal	14	40
EF_SchF3X_Processed	RefundsFed	decimal	14	41
EF_SchF3X_Processed	OthRcpts	decimal	14	42
EF_SchF3X_Processed	NonFedTrans	decimal	14	43
EF_SchF3X_Processed	LevinTrans	decimal	14	44
EF_SchF3X_Processed	TotNonFedTrans	decimal	14	45
EF_SchF3X_Processed	TotRcpts	decimal	14	46
EF_SchF3X_Processed	TotFedRcpts	decimal	14	47
EF_SchF3X_Processed	FedShare	decimal	14	48
EF_SchF3X_Processed	NonFedShare	decimal	14	49
EF_SchF3X_Processed	OthFedOE	decimal	14	50
EF_SchF3X_Processed	TotalOE	decimal	14	51
EF_SchF3X_Processed	TransToAffil	decimal	14	52
EF_SchF3X_Processed	ToFedCands	decimal	14	53
EF_SchF3X_Processed	IndepExp	decimal	14	54
EF_SchF3X_Processed	CoordExpByCmte	decimal	14	55
EF_SchF3X_Processed	LoanRepay	decimal	14	56
EF_SchF3X_Processed	LoanMade	decimal	14	57
EF_SchF3X_Processed	Individuals	decimal	14	58
EF_SchF3X_Processed	PACs	decimal	14	59
EF_SchF3X_Processed	OtherPACs	decimal	14	60
EF_SchF3X_Processed	TotContribRef	decimal	14	61
EF_SchF3X_Processed	OtherDisp	decimal	14	62
EF_SchF3X_Processed	SharedActiveFed	decimal	14	63
EF_SchF3X_Processed	SharedActiveNonFed	decimal	14	64
EF_SchF3X_Processed	NonAlloc	decimal	14	65
EF_SchF3X_Processed	TotFedElecActivity	decimal	14	66
EF_SchF3X_Processed	TotDisp	decimal	14	67
EF_SchF3X_Processed	TotFedDisp	decimal	14	68
EF_SchF3X_Processed	TotContr	decimal	14	69
EF_SchF3X_Processed	TotContrRef	decimal	14	70
EF_SchF3X_Processed	NetContr	decimal	14	71
EF_SchF3X_Processed	TotFedOE	decimal	14	72
EF_SchF3X_Processed	OffOE	decimal	14	73
EF_SchF3X_Processed	NetOE	decimal	14	74
EF_SchF3X_Processed	COHJan	decimal	14	75
EF_SchF3X_Processed	YearforAbove	char	4	76
EF_SchF3X_Processed	TotRcptsYTD	decimal	14	77
EF_SchF3X_Processed	SubTotYTD	decimal	14	78
EF_SchF3X_Processed	TotDispYTD	decimal	14	79
EF_SchF3X_Processed	COHEndYTD	decimal	14	80
EF_SchF3X_Processed	ItemYTD	decimal	14	81
EF_SchF3X_Processed	UnitemYTD	decimal	14	82
EF_SchF3X_Processed	TotYTD	decimal	14	83
EF_SchF3X_Processed	PartyYTD	decimal	14	84
EF_SchF3X_Processed	OtherCmteYTD	decimal	14	85
EF_SchF3X_Processed	TotContribYTD	decimal	14	86
EF_SchF3X_Processed	TransFromYTD	decimal	14	87
EF_SchF3X_Processed	LoansRcvYTD	decimal	14	88
EF_SchF3X_Processed	LoanRepRcvYTD	decimal	14	89
EF_SchF3X_Processed	OffOEYTD	decimal	14	90
EF_SchF3X_Processed	RefFedContrYTD	decimal	14	91
EF_SchF3X_Processed	OthFedRcptsYTD	decimal	14	92
EF_SchF3X_Processed	TransNonFedYTD	decimal	14	93
EF_SchF3X_Processed	TransNonFederalYTD	decimal	14	94
EF_SchF3X_Processed	TotNonFedTransYTD	decimal	14	95
EF_SchF3X_Processed	TotRcpts2YTD	decimal	14	96
EF_SchF3X_Processed	TotFedRcptsYTD	decimal	14	97
EF_SchF3X_Processed	FedShareYTD	decimal	14	98
EF_SchF3X_Processed	NonFedShareYTD	decimal	14	99
EF_SchF3X_Processed	OthFedOEYTD	decimal	14	100
EF_SchF3X_Processed	TotOEYTD	decimal	14	101
EF_SchF3X_Processed	TransToYTD	decimal	14	102
EF_SchF3X_Processed	ToFedCandsYTD	decimal	14	103
EF_SchF3X_Processed	IndepExpYTD	decimal	14	104
EF_SchF3X_Processed	CoordExpByYTD	decimal	14	105
EF_SchF3X_Processed	LoanRepayYTD	decimal	14	106
EF_SchF3X_Processed	LoanMadeYTD	decimal	14	107
EF_SchF3X_Processed	LoanIndvYTD	decimal	14	108
EF_SchF3X_Processed	LoanPtyYTD	decimal	14	109
EF_SchF3X_Processed	LoanOthYTD	decimal	14	110
EF_SchF3X_Processed	TotContribRefYTD	decimal	14	111
EF_SchF3X_Processed	OthDispYTD	decimal	14	112
EF_SchF3X_Processed	SharedFedActYTD	decimal	14	113
EF_SchF3X_Processed	SharedFedActNonFedYTD	decimal	14	114
EF_SchF3X_Processed	NonAllocYTD	decimal	14	115
EF_SchF3X_Processed	TotFedElecActivityYTD	decimal	14	116
EF_SchF3X_Processed	TotDisp2YTD	decimal	14	117
EF_SchF3X_Processed	TotFedDispYTD	decimal	14	118
EF_SchF3X_Processed	TotContrYTD	decimal	14	119
EF_SchF3X_Processed	TotContrRefYTD	decimal	14	120
EF_SchF3X_Processed	NetContrYTD	decimal	14	121
EF_SchF3X_Processed	TotFedOEYTD	decimal	14	122
EF_SchF3X_Processed	OffOE2YTD	decimal	14	123
EF_SchF3X_Processed	NetOEYTD	decimal	14	124
EF_SchF6_Processed	Filename	varchar	16	1
EF_SchF6_Processed	FormType	char	8	2
EF_SchF6_Processed	FilerID	char	9	3
EF_SchF6_Processed	AmendDate	smalldatetime	16	4
EF_SchF6_Processed	Orgname	varchar	200	5
EF_SchF6_Processed	Street1	varchar	34	6
EF_SchF6_Processed	Street2	varchar	34	7
EF_SchF6_Processed	City	varchar	30	8
EF_SchF6_Processed	State	char	2	9
EF_SchF6_Processed	Zip	char	9	10
EF_SchF6_Processed	CandID	char	9	11
EF_SchF6_Processed	CandLN	varchar	30	12
EF_SchF6_Processed	CandFN	varchar	20	13
EF_SchF6_Processed	CandMN	varchar	20	14
EF_SchF6_Processed	CandPrefix	varchar	10	15
EF_SchF6_Processed	CandSuffix	varchar	10	16
EF_SchF6_Processed	CandOffice	char	1	17
EF_SchF6_Processed	CandState	char	2	18
EF_SchF6_Processed	District	char	2	19
EF_SchF6_Processed	SignerLN	varchar	30	20
EF_SchF6_Processed	SignerFN	varchar	20	21
EF_SchF6_Processed	SignerMN	varchar	20	22
EF_SchF6_Processed	SignerPrefix	varchar	10	23
EF_SchF6_Processed	SignerSuffix	varchar	10	24
EF_SchF6_Processed	DateSign	smalldatetime	16	25
EF_SchF65_Processed	Filename	varchar	16	1
EF_SchF65_Processed	FormType	char	8	2
EF_SchF65_Processed	FilerID	char	9	3
EF_SchF65_Processed	TransID	varchar	20	4
EF_SchF65_Processed	EntType	char	3	5
EF_SchF65_Processed	ContribOrg	varchar	200	6
EF_SchF65_Processed	ContribLN	varchar	30	7
EF_SchF65_Processed	ContribFN	varchar	20	8
EF_SchF65_Processed	ContribMN	varchar	20	9
EF_SchF65_Processed	ContribPrefix	varchar	10	10
EF_SchF65_Processed	ContribSuffix	varchar	10	11
EF_SchF65_Processed	Street1	varchar	34	12
EF_SchF65_Processed	Street2	varchar	34	13
EF_SchF65_Processed	City	varchar	30	14
EF_SchF65_Processed	State	char	2	15
EF_SchF65_Processed	Zip	char	9	16
EF_SchF65_Processed	CmteID	char	9	17
EF_SchF65_Processed	Date	smalldatetime	16	18
EF_SchF65_Processed	Amount	decimal	14	19
EF_SchF65_Processed	Employer	varchar	38	20
EF_SchF65_Processed	Occupation	varchar	38	21
EF_SchF7_Processed	Filename	varchar	16	1
EF_SchF7_Processed	FormType	char	8	2
EF_SchF7_Processed	FilerID	char	9	3
EF_SchF7_Processed	Orgname	varchar	200	4
EF_SchF7_Processed	Street1	varchar	34	5
EF_SchF7_Processed	Street2	varchar	34	6
EF_SchF7_Processed	City	varchar	30	7
EF_SchF7_Processed	State	char	2	8
EF_SchF7_Processed	Zip	char	9	9
EF_SchF7_Processed	OrgType	char	1	10
EF_SchF7_Processed	RptCode	char	3	11
EF_SchF7_Processed	DateElec	char	8	12
EF_SchF7_Processed	ElecState	char	2	13
EF_SchF7_Processed	DateFrom	smalldatetime	16	14
EF_SchF7_Processed	DateTo	smalldatetime	16	15
EF_SchF7_Processed	TotCost	decimal	14	16
EF_SchF7_Processed	SignerLN	varchar	30	17
EF_SchF7_Processed	SignerFN	varchar	20	18
EF_SchF7_Processed	SignerMN	varchar	20	19
EF_SchF7_Processed	SignerPrefix	varchar	10	20
EF_SchF7_Processed	SignerSuffix	varchar	10	21
EF_SchF7_Processed	Title	varchar	20	22
EF_SchF7_Processed	DateSign	smalldatetime	16	23
EF_SchF9_Processed	Filename	varchar	16	1
EF_SchF9_Processed	FormType	char	8	2
EF_SchF9_Processed	FilerID	char	9	3
EF_SchF9_Processed	EntType	char	3	4
EF_SchF9_Processed	Orgname	varchar	200	5
EF_SchF9_Processed	IndivLN	varchar	30	6
EF_SchF9_Processed	IndivFN	varchar	20	7
EF_SchF9_Processed	IndivMN	varchar	20	8
EF_SchF9_Processed	IndivPrefix	varchar	10	9
EF_SchF9_Processed	IndivSuffix	varchar	10	10
EF_SchF9_Processed	ChgAddr	char	1	11
EF_SchF9_Processed	Street1	varchar	34	12
EF_SchF9_Processed	Street2	varchar	34	13
EF_SchF9_Processed	City	varchar	30	14
EF_SchF9_Processed	State	char	2	15
EF_SchF9_Processed	Zip	char	9	16
EF_SchF9_Processed	Employer	varchar	38	17
EF_SchF9_Processed	Occup	varchar	38	18
EF_SchF9_Processed	DateFrom	smalldatetime	16	19
EF_SchF9_Processed	DateTo	smalldatetime	16	20
EF_SchF9_Processed	Date	smalldatetime	16	21
EF_SchF9_Processed	CommTitle	varchar	40	22
EF_SchF9_Processed	FilerCode	char	3	23
EF_SchF9_Processed	FilerCodeDesc	varchar	20	24
EF_SchF9_Processed	SegBankAcct	char	1	25
EF_SchF9_Processed	CustLN	varchar	30	26
EF_SchF9_Processed	CustFN	varchar	20	27
EF_SchF9_Processed	CustMN	varchar	20	28
EF_SchF9_Processed	CustPrefix	varchar	10	29
EF_SchF9_Processed	CustSuffix	varchar	10	30
EF_SchF9_Processed	CustStreet1	varchar	34	31
EF_SchF9_Processed	CustStreet2	varchar	34	32
EF_SchF9_Processed	CustCity	varchar	30	33
EF_SchF9_Processed	CustState	char	2	34
EF_SchF9_Processed	CustZip	char	9	35
EF_SchF9_Processed	CustEmployer	varchar	38	36
EF_SchF9_Processed	CustOccup	varchar	38	37
EF_SchF9_Processed	TotDonations	decimal	14	38
EF_SchF9_Processed	TotDisb	decimal	14	39
EF_SchF9_Processed	SignerLN	varchar	30	40
EF_SchF9_Processed	SignerFN	varchar	20	41
EF_SchF9_Processed	SignerMN	varchar	20	42
EF_SchF9_Processed	SignerPrefix	varchar	10	43
EF_SchF9_Processed	SignerSuffix	varchar	10	44
EF_SchF9_Processed	DateSign	char	8	45
EF_SchF92_Processed	Filename	varchar	16	1
EF_SchF92_Processed	FormType	char	8	2
EF_SchF92_Processed	FilerID	char	9	3
EF_SchF92_Processed	TransID	varchar	20	4
EF_SchF92_Processed	BackRefID	varchar	20	5
EF_SchF92_Processed	BackRefSch	char	8	6
EF_SchF92_Processed	EntType	char	3	7
EF_SchF92_Processed	ContribOrg	varchar	200	8
EF_SchF92_Processed	ContribLN	varchar	30	9
EF_SchF92_Processed	ContribFN	varchar	20	10
EF_SchF92_Processed	ContribMN	varchar	20	11
EF_SchF92_Processed	ContribPrefix	varchar	10	12
EF_SchF92_Processed	ContribSuffix	varchar	10	13
EF_SchF92_Processed	Street1	varchar	34	14
EF_SchF92_Processed	Street2	varchar	34	15
EF_SchF92_Processed	City	varchar	30	16
EF_SchF92_Processed	State	char	2	17
EF_SchF92_Processed	Zip	char	9	18
EF_SchF92_Processed	Date	smalldatetime	16	19
EF_SchF92_Processed	Amount	decimal	14	20
EF_SchF94_Processed	Filename	varchar	16	1
EF_SchF94_Processed	FormType	char	8	2
EF_SchF94_Processed	FilerID	char	9	3
EF_SchF94_Processed	TransID	varchar	20	4
EF_SchF94_Processed	BackRefID	varchar	20	5
EF_SchF94_Processed	BackRefSch	char	8	6
EF_SchF94_Processed	CandID	char	9	7
EF_SchF94_Processed	CandLN	varchar	30	8
EF_SchF94_Processed	CandFN	varchar	20	9
EF_SchF94_Processed	CandMN	varchar	20	10
EF_SchF94_Processed	CandPrefix	varchar	10	11
EF_SchF94_Processed	CandSuffix	varchar	10	12
EF_SchF94_Processed	CandOffice	char	1	13
EF_SchF94_Processed	CandState	char	2	14
EF_SchF94_Processed	CandDist	char	2	15
EF_SchF94_Processed	ElecCode	char	5	16
EF_SchF94_Processed	ElecOther	char	20	17
EF_SchF93_Processed	Filename	varchar	16	1
EF_SchF93_Processed	FormType	char	8	2
EF_SchF93_Processed	FilerID	char	9	3
EF_SchF93_Processed	TransID	varchar	20	4
EF_SchF93_Processed	BackRefID	varchar	20	5
EF_SchF93_Processed	BackRefSch	char	8	6
EF_SchF93_Processed	EntType	char	3	7
EF_SchF93_Processed	PayeeOrg	varchar	200	8
EF_SchF93_Processed	PayeeLN	varchar	30	9
EF_SchF93_Processed	PayeeFN	varchar	20	10
EF_SchF93_Processed	PayeeMN	varchar	20	11
EF_SchF93_Processed	PayeePrefix	varchar	10	12
EF_SchF93_Processed	PayeeSuffix	varchar	10	13
EF_SchF93_Processed	Street1	varchar	34	14
EF_SchF93_Processed	Street2	varchar	34	15
EF_SchF93_Processed	City	varchar	30	16
EF_SchF93_Processed	State	char	2	17
EF_SchF93_Processed	Zip	char	9	18
EF_SchF93_Processed	ElecCode	char	5	19
EF_SchF93_Processed	ElecOther	char	20	20
EF_SchF93_Processed	DateExp	smalldatetime	16	21
EF_SchF93_Processed	Amount	decimal	14	22
EF_SchF93_Processed	ExpDesc	varchar	100	23
EF_SchF93_Processed	PayeeEmployer	varchar	38	24
EF_SchF93_Processed	PayeeOccup	varchar	38	25
EF_SchF93_Processed	DateComm	smalldatetime	16	26
EF_SchA_Processed	FileName	varchar	16	1
EF_SchA_Processed	FormType	char	8	2
EF_SchA_Processed	FilerID	char	9	3
EF_SchA_Processed	TransID	varchar	20	4
EF_SchA_Processed	BackRefID	varchar	20	5
EF_SchA_Processed	BackRefSch	varchar	8	6
EF_SchA_Processed	EntType	char	3	7
EF_SchA_Processed	ContribOrg	varchar	200	8
EF_SchA_Processed	ContribLN	varchar	30	9
EF_SchA_Processed	ContribFN	varchar	20	10
EF_SchA_Processed	ContribMN	varchar	20	11
EF_SchA_Processed	Prefix	varchar	10	12
EF_SchA_Processed	Suffix	varchar	10	13
EF_SchA_Processed	Street1	varchar	34	14
EF_SchA_Processed	Street2	varchar	34	15
EF_SchA_Processed	City	varchar	30	16
EF_SchA_Processed	State	char	2	17
EF_SchA_Processed	Zip	char	9	18
EF_SchA_Processed	PG	char	5	19
EF_SchA_Processed	ElecOther	varchar	20	20
EF_SchA_Processed	Date	smalldatetime	16	21
EF_SchA_Processed	Amount	decimal	14	22
EF_SchA_Processed	AmtYTD	decimal	14	23
EF_SchA_Processed	PurposeDesc	varchar	100	24
EF_SchA_Processed	Employer	varchar	40	25
EF_SchA_Processed	Occup	varchar	40	26
EF_SchA_Processed	CmteID	char	9	27
EF_SchA_Processed	CmteName	varchar	200	28
EF_SchA_Processed	CandID	char	9	29
EF_SchA_Processed	CandLN	varchar	30	30
EF_SchA_Processed	CandFN	varchar	20	31
EF_SchA_Processed	CandMN	varchar	20	32
EF_SchA_Processed	CandPrefix	varchar	10	33
EF_SchA_Processed	CandSuffix	varchar	10	34
EF_SchA_Processed	CandOffice	char	1	35
EF_SchA_Processed	CandState	char	2	36
EF_SchA_Processed	DistID	char	2	37
EF_SchA_Processed	ConduitName	varchar	200	38
EF_SchA_Processed	CondStreet1	varchar	34	39
EF_SchA_Processed	CondStreet2	varchar	34	40
EF_SchA_Processed	CondCity	char	30	41
EF_SchA_Processed	CondState	char	2	42
EF_SchA_Processed	CondZip	char	9	43
EF_SchA_Processed	MemoCode	char	1	44
EF_SchA_Processed	MemoText	varchar	100	45
EF_SchA_Processed	RefCode	char	9	46
EF_SchB_Processed	FileName	varchar	16	1
EF_SchB_Processed	FormType	char	8	2
EF_SchB_Processed	FilerID	char	9	3
EF_SchB_Processed	TransID	varchar	20	4
EF_SchB_Processed	BackRefID	varchar	20	5
EF_SchB_Processed	BackRefSch	char	8	6
EF_SchB_Processed	EntType	char	3	7
EF_SchB_Processed	RecipOrgname	varchar	200	8
EF_SchB_Processed	RecipLN	varchar	30	9
EF_SchB_Processed	RecipFN	varchar	20	10
EF_SchB_Processed	RecipMN	varchar	20	11
EF_SchB_Processed	RecipPrefix	varchar	10	12
EF_SchB_Processed	RecipSuffix	varchar	10	13
EF_SchB_Processed	Street1	varchar	34	14
EF_SchB_Processed	Street2	varchar	34	15
EF_SchB_Processed	City	varchar	30	16
EF_SchB_Processed	State	char	2	17
EF_SchB_Processed	Zip	char	9	18
EF_SchB_Processed	PG	char	5	19
EF_SchB_Processed	ElectOther	varchar	20	20
EF_SchB_Processed	Date	smalldatetime	16	21
EF_SchB_Processed	Amount	decimal	14	22
EF_SchB_Processed	RefBundle	decimal	14	23
EF_SchB_Processed	Descrip	varchar	100	24
EF_SchB_Processed	Catcode	char	3	25
EF_SchB_Processed	CmteID	char	9	26
EF_SchB_Processed	CmteName	varchar	200	27
EF_SchB_Processed	CandID	char	9	28
EF_SchB_Processed	CandLN	varchar	30	29
EF_SchB_Processed	CandFN	varchar	20	30
EF_SchB_Processed	CandMN	varchar	20	31
EF_SchB_Processed	CandPrefix	varchar	10	32
EF_SchB_Processed	CandSuffix	varchar	10	33
EF_SchB_Processed	Office	char	1	34
EF_SchB_Processed	CandState	char	2	35
EF_SchB_Processed	DistID	char	2	36
EF_SchB_Processed	ConduitName	varchar	200	37
EF_SchB_Processed	CondStreet1	varchar	34	38
EF_SchB_Processed	CondStreet2	varchar	34	39
EF_SchB_Processed	CondCity	char	30	40
EF_SchB_Processed	CondState	char	2	41
EF_SchB_Processed	CondZip	char	9	42
EF_SchB_Processed	MemoCode	char	1	43
EF_SchB_Processed	MemoText	varchar	100	44
EF_SchB_Processed	RefAcct	char	9	45
EF_SchText_Processed	Filename	varchar	16	1
EF_SchText_Processed	RecType	char	4	2
EF_SchText_Processed	FilerID	char	9	3
EF_SchText_Processed	TransID	varchar	20	4
EF_SchText_Processed	BackRefID	varchar	20	5
EF_SchText_Processed	BackRefSch	char	8	6
EF_SchText_Processed	Textline	varchar	4000	7
EF_SchHeader_Processed	Filename	varchar	16	1
EF_SchHeader_Processed	RecType	char	3	2
EF_SchHeader_Processed	EFType	char	3	3
EF_SchHeader_Processed	FECVer	char	4	4
EF_SchHeader_Processed	SoftName	varchar	90	5
EF_SchHeader_Processed	SoftVer	varchar	16	6
EF_SchHeader_Processed	RptID	varchar	16	7
EF_SchHeader_Processed	RptNum	char	3	8
EF_SchHeader_Processed	Comment	varchar	200	9
EF_SchHeader_Processed	Delim_old	char	1	10
